alpha,AQS,GreedyLoose,PCS,Random,GreedyTight,ExactBaseline
0.1,0.005637,0.008456,0.008859,0.011275,0.011436,0.018523
0.3,0.006604,0.009503,0.009825,0.012080,0.012241,0.018523
0.5,0.007651,0.010631,0.010953,0.013288,0.013530,0.018523
0.7,0.009020,0.012080,0.012402,0.014899,0.015141,0.018523
0.9,0.010470,0.013691,0.014094,0.015704,0.016510,0.018523
