method,gpt-4o-mini,gpt-4o
AQS,0.073758,1.254652
GreedyLoose,0.091247,1.546137
PCS,0.095049,1.571483
Random,0.114059,1.964354
GreedyTight,0.115580,1.900988
ExactBaseline,0.174891,2.914848
