k,AQS,GreedyLoose,PCS,Random,GreedyTight,ExactBaseline
3,0.007329,0.009745,0.010147,0.012000,0.012563,0.020134
5,0.009423,0.011758,0.012161,0.014174,0.014577,0.020134
7,0.010953,0.013369,0.013047,0.015785,0.016188,0.020134
9,0.012161,0.014577,0.014094,0.016188,0.017396,0.020134
