method,#entities,#packages,time_maintain_packages,time_ask_next_question,time_process_response,time_total
pcs,1000,1,0.0,0.032355942006688565,279.9009999999999,279.9333559420066
pcs,5000,1,0.0,0.10473579999234062,511.44660000000005,511.5513357999924
pcs,10000,1,0.0,0.2735489799961215,739.3897999999997,739.6633489799958
pcs,50000,1,0.0,1.0538648499932606,1605.625899999999,1606.6797648499924
pcs,100000,1,0.0,1.3844483419961762,2221.533300000003,2222.917748341999
pcs,500000,1,0.0,3.6618837540008826,4967.988199999994,4971.650083753995
pcs,1000000,1,0.0,22.77881754899863,7064.064400000011,7086.84321754901
