method,#entities,#packages,time_maintain_packages,time_ask_next_question,time_process_response,time_total
pcs,1000,1,0.0,0.037384766998002306,270.4891,270.526484766998
pcs,5000,1,0.0,0.134229134011548,520.2851,520.4193291340116
pcs,10000,1,0.0,0.25786003498069476,745.0507000000002,745.3085600349809
pcs,50000,1,0.0,2.747588178011938,1669.2025000000028,1671.9500881780148
pcs,100000,1,0.0,3.0282246560091153,2265.3751000000007,2268.4033246560098
pcs,500000,1,0.0,26.78580297699955,5063.820699999988,5090.606502976988
pcs,1000000,1,0.0,23.74542104797729,7062.621400000005,7086.366821047983
