method,#entities,#packages,time_maintain_packages,time_ask_next_question,time_process_response,time_total
aqs,5,10,0.0010335389961255714,0.011251035000896081,5.6238,5.636084573997022
aqs,10,45,0.005327343984390609,0.07632171901059337,8.7964,8.878049062994984
aqs,15,105,0.022609856008784845,4.825605332967825,18.0586,22.90681518897661
aqs,20,190,0.07419506298901979,2.0182843689981382,14.192300000000003,16.28477943198716
aqs,25,300,0.1938037010258995,15.083357494993834,19.092,34.36916119601973
