method,#entities,#packages,time_maintain_packages,time_ask_next_question,time_process_response,time_total
pcs,1000,1,0.0,0.06588536400522571,414.1282000000001,414.19408536400533
pcs,5000,1,0.0,0.25892808902426623,833.0150999999994,833.2740280890237
pcs,10000,1,0.0,0.19134028200642206,1098.5273000000009,1098.7186402820073
pcs,15000,1,0.0,0.41010207899671514,1351.1565999999998,1351.5667020789965
pcs,20000,1,0.0,1.3402389789844165,1659.9651000000013,1661.3053389789857
