method,#entities,#packages,time_maintain_packages,time_ask_next_question,time_process_response,time_total
pcs,1000,1,0.0,0.08033039601286873,459.8272,459.9075303960129
pcs,5000,1,0.0,0.38245245901634917,858.8980000000001,859.2804524590165
pcs,10000,1,0.0,0.4075251810136251,1138.2296999999994,1138.637225181013
pcs,15000,1,0.0,0.6569051330297953,1373.2323000000015,1373.8892051330313
