method,#entities,#packages,time_maintain_packages,time_ask_next_question,time_process_response,time_total
pcs,1000,1,0.0,0.009019385004648939,227.49820000000005,227.5072193850047
pcs,5000,1,0.0,0.11007128500204999,510.74339999999984,510.8534712850019
pcs,10000,1,0.0,0.07673053399776109,708.3079000000008,708.3846305339986
pcs,15000,1,0.0,0.37399256801290903,895.9947000000004,896.3686925680133
pcs,20000,1,0.0,0.5776303160237148,1021.5080000000002,1022.0856303160239
