method,#entities,#packages,time_maintain_packages,time_ask_next_question,time_process_response,time_total
aqs,5,10,0.00030391698237508535,0.0007036659953882918,5.194,5.195007582977763
aqs,10,45,0.006391516057192348,0.6651167329691816,18.2365,18.908008249026373
aqs,15,105,0.022539401019457728,1.776460828987183,14.5765,16.37550023000664
aqs,20,190,0.07934108300833032,4.871451291022822,16.6254,21.57619237403115
aqs,25,300,0.15902489598374814,8.43592514996999,27.2219,35.81685004595374
