method,#entities,time_maintain_packages,time_ask_next_question,time_process_response
aqs,500,39.0,9999999.9999999,9999999.9999999
pcs,500,0.0,0.05,3.12
aqs,50000,9999999.99,9999999.9999999,9999999.9999999
pcs,50000,0.0,1.24,11.54
aqs,100000,9999999.99,30000.0,9999999.9999999
pcs,100000,0.0,2.33,18.09
aqs,500000,9999999.99,30000.0,9999999.9999999
pcs,500000,0.0,5.73,34.26
aqs,1000000,9999999.99,30000.0,9999999.9999999
pcs,1000000,0.0,8.21,41.79
