tokens,cost_input_usd,oracle_response_time_s
433,0.000065,1.15
1033,0.000155,1.05
2033,0.000305,1.22
4033,0.000605,1.18
8033,0.001205,1.35
